ConstituencyName	LeadingCandidate	LeadingParty	TrailingCandidate	TrailingParty	Margin	LeadingParty2014
Andaman & Nicobar Islands	Vishal Jolly	Bharatiya Janata Party	Kuldeep Rai Sharma	Indian National Congress	3701	Bharatiya Janata Party
Amalapuram	Chinta Anuradha	Yuvajana Sramika Rythu Congress Party	Ganti Harish Madhur (balayogi)	Telugu Desam	36970	Telugu Desam
Anakapalli	Dr.beesetti Venkata Satyavathi	Yuvajana Sramika Rythu Congress Party	Adari Anand Kumar	Telugu Desam	70726	Telugu Desam
Anantapur	Talari Rangaiah	Yuvajana Sramika Rythu Congress Party	J.c. Pavan Reddy	Telugu Desam	116167	Telugu Desam
Aruku	Goddeti. Madhavi	Yuvajana Sramika Rythu Congress Party	Kishore Chandra Deo	Telugu Desam	193563	Yuvajana Sramika Rythu Congress Party
Bapatla	Nandigam Suresh	Yuvajana Sramika Rythu Congress Party	Malyadri Sriram	Telugu Desam	14317	Telugu Desam
Chittoor	N. Reddeppa	Yuvajana Sramika Rythu Congress Party	Naramalli Siva Prasad	Telugu Desam	134815	Telugu Desam
Eluru	Kotagiri Sridhar	Yuvajana Sramika Rythu Congress Party	Magantti Venkateswara Rao Babu	Telugu Desam	160908	Telugu Desam
Guntur	Jayadev Galla	Telugu Desam	Modugula Venugopala Reddy	Yuvajana Sramika Rythu Congress Party	29852	Telugu Desam
Hindupur	Kuruva Gorantla Madhav	Yuvajana Sramika Rythu Congress Party	Kristappa . Nimmala	Telugu Desam	128981	Telugu Desam
Kadapa	Yeduguri Sandinti Avinash Reddy	Yuvajana Sramika Rythu Congress Party	Chadipirala Adi Narayana Reddy	Telugu Desam	344632	Yuvajana Sramika Rythu Congress Party
Kakinada	Vanga Geethaviswanath	Yuvajana Sramika Rythu Congress Party	Chalamalasetty Sunil	Telugu Desam	25569	Telugu Desam
Kurnool	Ayushman Doctor Sanjeev Kumar	Yuvajana Sramika Rythu Congress Party	Kotla Jaya Surya Prakash Reddy	Telugu Desam	121164	Yuvajana Sramika Rythu Congress Party
Machilipatnam	Balashowry Vallabhaneni	Yuvajana Sramika Rythu Congress Party	Konakalla Narayana Rao	Telugu Desam	57532	Telugu Desam
Nandyal	Pocha . Brahmananda Reddy	Yuvajana Sramika Rythu Congress Party	Mandra Sivananda Reddy	Telugu Desam	175109	Yuvajana Sramika Rythu Congress Party
Narasaraopet	Lavu Sri Krishna Devarayalu	Yuvajana Sramika Rythu Congress Party	Rayapati Sambasivarao	Telugu Desam	116517	Telugu Desam
Narsapuram	Kanumuru Raghu Rama Krishna Raju	Yuvajana Sramika Rythu Congress Party	V.v. Siva Rama Raju (kalavapudi Siva)	Telugu Desam	23468	Bharatiya Janata Party
Nellore	Adala Prabhakara Reddy	Yuvajana Sramika Rythu Congress Party	Beeda Masthan Rao	Telugu Desam	131654	Yuvajana Sramika Rythu Congress Party
Ongole	Magunta Sreenivasulu Reddy	Yuvajana Sramika Rythu Congress Party	Sidda Raghava Rao	Telugu Desam	189531	Yuvajana Sramika Rythu Congress Party
Rajahmundry	Margani Bharat	Yuvajana Sramika Rythu Congress Party	Maganti Roopa	Telugu Desam	111914	Telugu Desam
Rajampet	P.v.midhun Reddy	Yuvajana Sramika Rythu Congress Party	D A Sathya Prabha	Telugu Desam	260262	Yuvajana Sramika Rythu Congress Party
Srikakulam	Kinjarapu Ram Mohan Naidu	Telugu Desam	Duvvada Srinivas	Yuvajana Sramika Rythu Congress Party	8680	Telugu Desam
Tirupati	Balli Durga Prasad Rao	Yuvajana Sramika Rythu Congress Party	Panabaka Lakshmi	Telugu Desam	216383	Yuvajana Sramika Rythu Congress Party
Vijayawada	Kesineni Srinivas (nani)	Telugu Desam	Potluri.v.prasad ( P V P )	Yuvajana Sramika Rythu Congress Party	8667	Telugu Desam
Visakhapatnam	M V V Satyanarayana	Yuvajana Sramika Rythu Congress Party	Bharat Mathukumilli	Telugu Desam	394	Bharatiya Janata Party
Vizianagaram	Bellana Chandra Sekhar	Yuvajana Sramika Rythu Congress Party	Ashok Gajapathi Raju Pusapati	Telugu Desam	44623	Telugu Desam
Arunachal East	Tapir Gao	Bharatiya Janata Party	Lowangcha Wanglat	Indian National Congress	50700	Indian National Congress
Arunachal West	Kiren Rijiju	Bharatiya Janata Party	Nabam Tuki	Indian National Congress	101827	Bharatiya Janata Party
Autonomous District	Horen Sing Bey	Bharatiya Janata Party	Biren Singh Engti	Indian National Congress	184611	Indian National Congress
Barpeta	Abdul Khaleque	Indian National Congress	Kumar Deepak Das	Asom Gana Parishad	82908	All India United Democratic Front
Dhubri	Badruddin Ajmal	All India United Democratic Front	Abu Taher Bepari	Indian National Congress	227745	All India United Democratic Front
Dibrugarh	Rameswar Teli	Bharatiya Janata Party	Paban Singh Ghatowar	Indian National Congress	357011	Bharatiya Janata Party
Gauhati	Queen Oja	Bharatiya Janata Party	Bobbeeta Sharma	Indian National Congress	200213	Bharatiya Janata Party
Jorhat	Topon Kumar Gogoi	Bharatiya Janata Party	Sushanta Borgohain	Indian National Congress	82504	Bharatiya Janata Party
Kaliabor	Gaurav Gogoi	Indian National Congress	Moni Madhab Mahanta	Asom Gana Parishad	194893	Indian National Congress
Karimganj	Kripanath Mallah	Bharatiya Janata Party	Radheshyam Biswas	All India United Democratic Front	29202	All India United Democratic Front
Kokrajhar	Naba Kumar Sarania	Independent	Pramila Rani Brahma	Bodoland Peoples Front	43291	Independent
Lakhimpur	Pradan Baruah	Bharatiya Janata Party	Anil Borgohain	Indian National Congress	344041	Bharatiya Janata Party
Mangaldoi	Dilip Saikia	Bharatiya Janata Party	Bhubaneswar Kalita	Indian National Congress	100895	Bharatiya Janata Party
Nowgong	Pradyut Bordoloi	Indian National Congress	Sri Rupak Sharma	Bharatiya Janata Party	42478	Bharatiya Janata Party
Silchar	Rajdeep Roy	Bharatiya Janata Party	Sushmita Dev	Indian National Congress	70427	Indian National Congress
Tezpur	Pallab Lochan Das	Bharatiya Janata Party	M.g.v.k. Bhanu	Indian National Congress	198943	Bharatiya Janata Party
Araria	Pradeep Kumar Singh	Bharatiya Janata Party	Sarfaraz Alam	Rashtriya Janata Dal	136884	Rashtriya Janata Dal
Arrah	R. K. Singh	Bharatiya Janata Party	Raju Yadav	Communist Party of India  (Marxist-Leninist)  (Liberation)	141737	Bharatiya Janata Party
Aurangabad	Sushil Kumar Singh	Bharatiya Janata Party	Upendra Prasad	Hindustani Awam Morcha (Secular)	60411	Bharatiya Janata Party
Banka	Giridhari Yadav	Janata Dal  (United)	Jai Prakash Narayan Yadav	Rashtriya Janata Dal	185046	Rashtriya Janata Dal
Begusarai	Giriraj Singh	Bharatiya Janata Party	Kanhaiya Kumar	Communist Party of India	419660	Bharatiya Janata Party
Bhagalpur	Ajay Kumar Mandal	Janata Dal  (United)	Shailesh Kumar Alias Vulo Mandal	Rashtriya Janata Dal	244219	Rashtriya Janata Dal
Buxar	Ashwini Kumar Choubey	Bharatiya Janata Party	Jagadanand Singh	Rashtriya Janata Dal	111323	Bharatiya Janata Party
Darbhanga	Gopal Jee Thakur	Bharatiya Janata Party	Abdul Bari Siddiqui	Rashtriya Janata Dal	267979	Bharatiya Janata Party
Gaya (sc)	Vijay Kumar	Janata Dal  (United)	Jitan Ram Manjhi	Hindustani Awam Morcha (Secular)	151795	Bharatiya Janata Party
Gopalganj (sc)	Dr. Alok Kumar Suman	Janata Dal  (United)	Surendra Ram	Rashtriya Janata Dal	283818	Bharatiya Janata Party
Hajipur (sc)	Pashu Pati Kumar Paras	Lok Jan Shakti Party	Shiv Chandra Ram	Rashtriya Janata Dal	202571	Lok Jan Shakti Party
Jahanabad	Chandeshwar Prasad	Janata Dal  (United)	Surendra Prasad Yadav	Rashtriya Janata Dal	1075	Rashtriya Lok Samta Party
Jamui (sc)	Chirag Kumar Paswan	Lok Jan Shakti Party	Bhudeo Choudhary	Rashtriya Lok Samta Party	241049	Lok Jan Shakti Party
Jhanjharpur	Ramprit Mandal	Janata Dal  (United)	Gulab Yadav	Rashtriya Janata Dal	322429	Bharatiya Janata Party
Karakat	Mahabali Singh	Janata Dal  (United)	Upendra Kushwaha	Rashtriya Lok Samta Party	84904	Rashtriya Lok Samta Party
Katihar	Dulal Chandra Goswami	Janata Dal  (United)	Tariq Anwar	Indian National Congress	57203	Nationalist Congress Party
Khagaria	Choudhary Mehboob Ali Kaiser	Lok Jan Shakti Party	Mukesh Sahani	Vikassheel Insaan Party	191886	Lok Jan Shakti Party
Kishanganj	Dr. Mohammad Jawed	Indian National Congress	Syed Mahmood Ashraf	Janata Dal  (United)	34466	Indian National Congress
Madhepura	Dinesh Chandra Yadav	Janata Dal  (United)	Sharad Yadav	Rashtriya Janata Dal	257412	Rashtriya Janata Dal
Madhubani	Ashok Kumar Yadav	Bharatiya Janata Party	Badri Kumar Purbey	Vikassheel Insaan Party	454106	Bharatiya Janata Party
Maharajganj	Janardan Singh 'sigriwal"	Bharatiya Janata Party	Randhir Kumar Singh	Rashtriya Janata Dal	228720	Bharatiya Janata Party
Munger	Rajiv Ranjan Singh Alias Lalan Singh	Janata Dal  (United)	Nilam Devi	Indian National Congress	128368	Lok Jan Shakti Party
Muzaffarpur	Ajay Nishad	Bharatiya Janata Party	Raj Bhushan Choudhary	Vikassheel Insaan Party	405001	Bharatiya Janata Party
Nalanda	Kaushlendra Kumar	Janata Dal  (United)	Ashok Kumar Azad	Hindustani Awam Morcha (Secular)	194059	Janata Dal  (United)
Nawada	Chandan Singh	Lok Jan Shakti Party	Vibha Devi	Rashtriya Janata Dal	146770	Bharatiya Janata Party
Paschim Champaran	Dr. Sanjay Jaiswal	Bharatiya Janata Party	Brijesh Kumar Kushwaha	Rashtriya Lok Samta Party	292771	Bharatiya Janata Party
Pataliputra	Ram Kripal Yadav	Bharatiya Janata Party	Misha Bharti	Rashtriya Janata Dal	43157	Bharatiya Janata Party
Patna Sahib	Ravi Shankar Prasad	Bharatiya Janata Party	Shatrughan Sinha	Indian National Congress	278198	Bharatiya Janata Party
Purnia	Santosh Kumar	Janata Dal  (United)	Uday Singh Alias Pappu Singh	Indian National Congress	263404	Janata Dal  (United)
Purvi Champaran	Radha Mohan Singh	Bharatiya Janata Party	Aakash Kumar Singh	Rashtriya Lok Samta Party	268832	Bharatiya Janata Party
Samastipur (sc)	Ramchandra Paswan	Lok Jan Shakti Party	Dr. Ashok Kumar	Indian National Congress	250688	Lok Jan Shakti Party
Saran	Rajiv Pratap Rudy	Bharatiya Janata Party	Chandrika Roy	Rashtriya Janata Dal	136531	Bharatiya Janata Party
Sasaram (sc)	Chhedi Paswan	Bharatiya Janata Party	Meira Kumar	Indian National Congress	165745	Bharatiya Janata Party
Sheohar	Rama Devi	Bharatiya Janata Party	Syed Faisal Ali	Rashtriya Janata Dal	327096	Bharatiya Janata Party
Sitamarhi	Sunil Kumar Pintu	Janata Dal  (United)	Arjun Ray	Rashtriya Janata Dal	249555	Rashtriya Lok Samta Party
Siwan	Kavita Singh	Janata Dal  (United)	Hena Shahab	Rashtriya Janata Dal	112826	Bharatiya Janata Party
Supaul	Dileshwar Kamait	Janata Dal  (United)	Ranjeet Ranjan	Indian National Congress	266349	Indian National Congress
Ujiarpur	Nityanand Rai	Bharatiya Janata Party	Upendra Kushwaha	Rashtriya Lok Samta Party	275407	Bharatiya Janata Party
Vaishali	Veena Devi (w/o Dinesh Prasad Singh)	Lok Jan Shakti Party	Raghuvansh Prasad Singh	Rashtriya Janata Dal	231293	Lok Jan Shakti Party
Valmiki Nagar	Baidyanath Prasad Mahto	Janata Dal  (United)	Shashwat Kedar	Indian National Congress	346670	Bharatiya Janata Party
Chandigarh	Kirron Kher	Bharatiya Janata Party	Pawan Kumar Bansal	Indian National Congress	34883	Bharatiya Janata Party
Bastar	Deepak Baij	Indian National Congress	Baidu Ram Kashyap	Bharatiya Janata Party	38982	Bharatiya Janata Party
Bilaspur	Arun Sao	Bharatiya Janata Party	Atal Shrivastav	Indian National Congress	140253	Bharatiya Janata Party
Durg	Vijay Baghel	Bharatiya Janata Party	Pratima Chandrakar	Indian National Congress	389159	Indian National Congress
Janjgir-champa	Guharam Ajgalley	Bharatiya Janata Party	Ravi Parasram Bhardwaj	Indian National Congress	82622	Bharatiya Janata Party
Kanker	Mohan Mandavi	Bharatiya Janata Party	Biresh Thakur	Indian National Congress	5286	Bharatiya Janata Party
Korba	Jyotsna Charandas Mahant	Indian National Congress	Jyoti Nand Dubey	Bharatiya Janata Party	11484	Bharatiya Janata Party
Mahasamund	Chunni Lal Sahu	Bharatiya Janata Party	Dhanendra Sahu	Indian National Congress	89435	Bharatiya Janata Party
Raigarh	Gomati Sai	Bharatiya Janata Party	Laljeet Singh Rathia	Indian National Congress	66249	Bharatiya Janata Party
Raipur	Sunil Kumar Soni	Bharatiya Janata Party	Pramod Dubey	Indian National Congress	347427	Bharatiya Janata Party
Rajnandgaon	Santosh Pandey	Bharatiya Janata Party	Bhola Ram Sahu	Indian National Congress	111546	Bharatiya Janata Party
Sarguja	Renuka Singh Saruta	Bharatiya Janata Party	Khel Sai Singh	Indian National Congress	157873	Bharatiya Janata Party
Dadar & Nagar Haveli	Delkar Mohanbhai Sanjibhai	Independent	Patel Natubhai Gomanbhai	Bharatiya Janata Party	8453	Bharatiya Janata Party
Daman & Diu	Lalubhai Babubhai Patel	Bharatiya Janata Party	Ketan Dahyabhai Patel	Indian National Congress	9942	Bharatiya Janata Party
North Goa	Shripad Yesso Naik	Bharatiya Janata Party	Girish Raya Chodankar	Indian National Congress	56821	Bharatiya Janata Party
South Goa	Cosme Francisco Caitano Sardinha	Indian National Congress	Adv. Narendra Sawaikar	Bharatiya Janata Party	11512	Bharatiya Janata Party
Ahmedabad East	Patel Hasmukhbhai Somabhai	Bharatiya Janata Party	Gitaben Patel	Indian National Congress	381472	Bharatiya Janata Party
Ahmedabad West	Dr. Kirit P. Solanki	Bharatiya Janata Party	Raju Parmar	Indian National Congress	310257	Bharatiya Janata Party
Amreli	Kachhadiya Naranbhai Bhikhabhai	Bharatiya Janata Party	Paresh Dhanani	Indian National Congress	199192	Bharatiya Janata Party
Anand	Patel Mitesh Rameshbhai (bakabhai)	Bharatiya Janata Party	Bharatbhai Madhavsinh Solanki	Indian National Congress	197980	Bharatiya Janata Party
Banaskantha	Parbatbhai Savabhai Patel	Bharatiya Janata Party	Parthibhai Galbabhai Bhatol	Indian National Congress	362786	Bharatiya Janata Party
Bardoli	Parbhubhai Nagarbhai Vasava	Bharatiya Janata Party	Chaudhari Dr. Tusharbhai Amarsinhbhai	Indian National Congress	215447	Bharatiya Janata Party
Bharuch	Mansukhbhai Dhanjibhai Vasava	Bharatiya Janata Party	Sherkhan Abdulsakur Pathan	Indian National Congress	332484	Bharatiya Janata Party
Bhavnagar	Dr.bharatiben Dhirubhai Shiyal	Bharatiya Janata Party	Patel Manharbhai Nagjibhai (vasani)	Indian National Congress	326031	Bharatiya Janata Party
Chhota Udaipur	Rathva Gitaben Vajesingbhai	Bharatiya Janata Party	Rathava Ranjitsinh Mohansinh	Indian National Congress	377413	Bharatiya Janata Party
Dahod	Jashvantsinh Sumanbhai Bhabhor	Bharatiya Janata Party	Katara Babubhai Khimabhai	Indian National Congress	126832	Bharatiya Janata Party
Gandhinagar	Amit Shah	Bharatiya Janata Party	Dr. C. J. Chavda	Indian National Congress	555843	Bharatiya Janata Party
Jamnagar	Poonamben Hematbhai Maadam	Bharatiya Janata Party	Kandoriya Mulubhai Ranmalbhai	Indian National Congress	233332	Bharatiya Janata Party
Junagadh	Chudasama Rajeshbhai Naranbhai	Bharatiya Janata Party	Vansh Punjabhai Bhimabhai	Indian National Congress	150185	Bharatiya Janata Party
Kachchh	Chavda Vinod Lakhamshi	Bharatiya Janata Party	Naresh Naranbhai Maheshwari	Indian National Congress	302335	Bharatiya Janata Party
Kheda	Chauhan Devusinh	Bharatiya Janata Party	Bimal Shah	Indian National Congress	338242	Bharatiya Janata Party
Mahesana	Shardaben Anilbhai Patel	Bharatiya Janata Party	A. J. Patel	Indian National Congress	236789	Bharatiya Janata Party
Navsari	C. R. Patil	Bharatiya Janata Party	Patel Dharmeshbhai Bhimbhai	Indian National Congress	677683	Bharatiya Janata Party
Panchmahal	Ratansinh Magansinh Rathod	Bharatiya Janata Party	Khant Vechatbhai Kuberbhai	Indian National Congress	328742	Bharatiya Janata Party
Patan	Dabhi Bharatsinhji Shankarji	Bharatiya Janata Party	Jagdish Thakor	Indian National Congress	191335	Bharatiya Janata Party
Porbandar	Rameshbhai Lavjibhai Dhaduk	Bharatiya Janata Party	Lalit Vasoya	Indian National Congress	227559	Bharatiya Janata Party
Rajkot	Kundaria Mohanbhai Kalyanjibhai	Bharatiya Janata Party	Kagathara Lalitbhai	Indian National Congress	368407	Bharatiya Janata Party
Sabarkantha	Rathod Dipsinh Shankarsinh	Bharatiya Janata Party	Thakor Rajendrasinh Shivsinh	Indian National Congress	267424	Bharatiya Janata Party
Surat	Darshana Vikram Jardosh	Bharatiya Janata Party	Ashok Patel (adhevada)	Indian National Congress	547155	Bharatiya Janata Party
Surendranagar	Dr. Munjapara Mahendrabhai	Bharatiya Janata Party	Koli Patel Somabhai Gandalal	Indian National Congress	256337	Bharatiya Janata Party
Vadodara	Ranjanben Bhatt	Bharatiya Janata Party	Prashant Patel (tiko)	Indian National Congress	576402	Bharatiya Janata Party
Valsad	Dr.k.c.patel	Bharatiya Janata Party	Chaudhari Jitubhai Harjibhai	Indian National Congress	342549	Bharatiya Janata Party
Ambala	Rattan Lal Kataria	Bharatiya Janata Party	Selja	Indian National Congress	329442	Bharatiya Janata Party
Bhiwani-mahendragarh	Dharambir Singh S/o Bhale Ram	Bharatiya Janata Party	Shruti Choudhry	Indian National Congress	435262	Bharatiya Janata Party
Faridabad	Krishan Pal	Bharatiya Janata Party	Avtar Singh Bhadana	Indian National Congress	605293	Bharatiya Janata Party
Gurgaon	Rao Inderjit Singh	Bharatiya Janata Party	Capt. Ajay Singh	Indian National Congress	382155	Bharatiya Janata Party
Hisar	Brijendra Singh	Bharatiya Janata Party	Dushyant Chautala	Jannayak Janta Party	311701	Indian National Lok Dal
Karnal	Sanjay Bhatia	Bharatiya Janata Party	Kuldip Sharma	Indian National Congress	654269	Bharatiya Janata Party
Kurukshetra	Nayab Singh	Bharatiya Janata Party	Nirmal Singh	Indian National Congress	382039	Bharatiya Janata Party
Rohtak	Arvind Kumar Sharma	Bharatiya Janata Party	Deepender Singh Hooda	Indian National Congress	3008	Indian National Congress
Sirsa	Sunita Duggal	Bharatiya Janata Party	Ashok Tanwar	Indian National Congress	306366	Indian National Lok Dal
Sonipat	Ramesh Chander Kaushik	Bharatiya Janata Party	Bhupinder Singh Hooda	Indian National Congress	162759	Bharatiya Janata Party
Hamirpur	Anurag Singh Thakur	Bharatiya Janata Party	Ram Lal Thakur	Indian National Congress	387812	Bharatiya Janata Party
Kangra	Kishan Kapoor	Bharatiya Janata Party	Pawan Kajal	Indian National Congress	466659	Bharatiya Janata Party
Mandi	Ram Swaroop Sharma	Bharatiya Janata Party	Aashray Sharma	Indian National Congress	398257	Bharatiya Janata Party
Shimla	Suresh Kumar Kashyap	Bharatiya Janata Party	Dhani Ram Shandil	Indian National Congress	323659	Bharatiya Janata Party
Anantnag	Hasnain Masoodi	Jammu & Kashmir National Conference	Ghulam Ahmad Mir	Indian National Congress	7153	
Baramulla	Mohammad Akbar Lone	Jammu & Kashmir National Conference	Raja Aijaz Ali	Jammu & Kashmir People Conference	29764	
Jammu	Jugal Kishore	Bharatiya Janata Party	Raman Bhalla	Indian National Congress	288888	
Ladakh	Jamyang Tsering Namgyal	Bharatiya Janata Party	Sajjad Hussain	Independent	9763	
Srinagar	Farooq Abdullah	Jammu & Kashmir National Conference	Aga Syed Mohsin	Peoples Democratic Party	70050	
Udhampur	Dr. Jitendra Singh	Bharatiya Janata Party	Vikramaditya Singh	Indian National Congress	348345	
Chatra	Sunil Kumar Singh	Bharatiya Janata Party	Manoj Kumar Yadav	Indian National Congress	275839	Bharatiya Janata Party
Dhanbad	Pashupati Nath Singh	Bharatiya Janata Party	Kirti Azad	Indian National Congress	390209	Bharatiya Janata Party
Dumka	Sunil Soren	Bharatiya Janata Party	Shibu Soren	Jharkhand Mukti Morcha	36815	Jharkhand Mukti Morcha
Giridih	Chandra Prakash Choudhary	AJSU Party	Jagarnath Mahto	Jharkhand Mukti Morcha	248596	Bharatiya Janata Party
Godda	Nishikant Dubey	Bharatiya Janata Party	Pradeep Yadav	Jharkhand Vikas Morcha (Prajatantrik)	135040	Bharatiya Janata Party
Hazaribagh	Jayant Sinha	Bharatiya Janata Party	Gopal Prasad Sahu	Indian National Congress	460447	Bharatiya Janata Party
Jamshedpur	Bidyut Baran Mahato	Bharatiya Janata Party	Champai Soren	Jharkhand Mukti Morcha	301036	Bharatiya Janata Party
Khunti	Arjun Munda	Bharatiya Janata Party	Kali Charan Munda	Indian National Congress	1098	Bharatiya Janata Party
Kodarma	Annpurna Devi	Bharatiya Janata Party	Babu Lal Marandi	Jharkhand Vikas Morcha (Prajatantrik)	454764	Bharatiya Janata Party
Lohardaga	Sudarshan Bhagat	Bharatiya Janata Party	Sukhdeo Bhagat	Indian National Congress	8644	Bharatiya Janata Party
Palamau	Vishnu Dayal Ram	Bharatiya Janata Party	Ghuran Ram	Rashtriya Janata Dal	468150	Bharatiya Janata Party
Rajmahal	Vijay Kumar Hansdak	Jharkhand Mukti Morcha	Hemlal Murmu	Bharatiya Janata Party	96819	Jharkhand Mukti Morcha
Ranchi	Sanjay Seth	Bharatiya Janata Party	Subodh Kant Sahay	Indian National Congress	275638	Bharatiya Janata Party
Singhbhum	Geeta Kora	Indian National Congress	Laxman Giluwa	Bharatiya Janata Party	71885	Bharatiya Janata Party
Bagalkot	Gaddigoudar Parvatagouda Chandanagouda	Bharatiya Janata Party	Veena Kashappanavar	Indian National Congress	166026	Bharatiya Janata Party
Bangalore Central	P. C. Mohan	Bharatiya Janata Party	Rizwan Arshad	Indian National Congress	70968	Bharatiya Janata Party
Bangalore North	D.v. Sadananda Gowda	Bharatiya Janata Party	Krishna Byregowda	Indian National Congress	147518	Bharatiya Janata Party
Bangalore Rural	D.k. Suresh	Indian National Congress	Ashwathnarayangowda	Bharatiya Janata Party	206870	Indian National Congress
Bangalore South	Tejasvi Surya	Bharatiya Janata Party	B.k.hariprasad	Indian National Congress	331192	Bharatiya Janata Party
Belgaum	Angadi Suresh Channabasappa	Bharatiya Janata Party	Dr.sadhunavar	Indian National Congress	208747	Bharatiya Janata Party
Bellary	Y. Devendrappa	Bharatiya Janata Party	V. S. Ugrappa	Indian National Congress	55707	Bharatiya Janata Party
Bidar	Bhagwanth Khuba	Bharatiya Janata Party	Eshwar B. Khandre	Indian National Congress	116834	Bharatiya Janata Party
Bijapur	Jigajinagi Ramesh Chandappa	Bharatiya Janata Party	Dr. Sunita Devanand Chavan	Janata Dal  (Secular)	258038	Bharatiya Janata Party
Chamarajanagar	V. Srinivas Prasad	Bharatiya Janata Party	R. Dhruvanarayana	Indian National Congress	1256	Indian National Congress
Chikkballapur	B.n.bache Gowda	Bharatiya Janata Party	M.veerappa Moily	Indian National Congress	182110	Indian National Congress
Chikkodi	Annasaheb Shankar Jolle	Bharatiya Janata Party	Prakash Babanna Hukkeri	Indian National Congress	116361	Indian National Congress
Chitradurga	A Narayanaswamy	Bharatiya Janata Party	B N Chandrappa	Indian National Congress	79041	Indian National Congress
Dakshina Kannada	Nalin Kumar Kateel	Bharatiya Janata Party	Mithun M Rai	Indian National Congress	274621	Bharatiya Janata Party
Davanagere	G M Siddeshwar	Bharatiya Janata Party	H B Manjappa	Indian National Congress	169702	Bharatiya Janata Party
Dharwad	Pralhad Joshi	Bharatiya Janata Party	Vinay Kulkarni	Indian National Congress	205072	Bharatiya Janata Party
Gulbarga	Dr. Umesh G Jadhav	Bharatiya Janata Party	Mallikarjun Kharge	Indian National Congress	95168	Indian National Congress
Hassan	Prajwal Revanna	Janata Dal  (Secular)	Manju A	Bharatiya Janata Party	141324	Janata Dal  (Secular)
Haveri	Udasi. S.c.	Bharatiya Janata Party	D.r. Patil	Indian National Congress	140882	Bharatiya Janata Party
Kolar	S. Muniswamy	Bharatiya Janata Party	K.h. Muniyappa	Indian National Congress	209707	Indian National Congress
Koppal	Karadi Sanganna Amarappa	Bharatiya Janata Party	K.rajashekar Basavaraj Hitnal	Indian National Congress	38397	Bharatiya Janata Party
Mandya	Sumalatha Ambareesh	Independent	Nikhil Kumaraswamy	Janata Dal  (Secular)	125382	Janata Dal  (Secular)
Mysore	Prathap Simha	Bharatiya Janata Party	C.h.vijayashankar	Indian National Congress	131965	Bharatiya Janata Party
Raichur	Raja Amareshwara Naik	Bharatiya Janata Party	B. V Naik	Indian National Congress	105241	Indian National Congress
Shimoga	B.y.raghavendra.	Bharatiya Janata Party	S.madhubangarappa	Janata Dal  (Secular)	223360	Bharatiya Janata Party
Tumkur	G. S. Basavaraj	Bharatiya Janata Party	H. D. Devegowda	Janata Dal  (Secular)	12387	Indian National Congress
Udupi Chikmagalur	Shobha Karandlaje	Bharatiya Janata Party	Pramod Madhwaraj	Janata Dal  (Secular)	348550	Bharatiya Janata Party
Uttara Kannada	Anantkumar Hegde	Bharatiya Janata Party	Anand Asnotikar	Janata Dal  (Secular)	479649	Bharatiya Janata Party
Alappuzha	Adv. A M Ariff	Communist Party of India  (Marxist)	Adv. Shanimol Osman	Indian National Congress	9036	Indian National Congress
Alathur	Ramya Haridas	Indian National Congress	Dr. P.k.biju	Communist Party of India  (Marxist)	158968	Communist Party of India  (Marxist)
Attingal	Adv. Adoor Prakash	Indian National Congress	Dr. A. Sampath	Communist Party of India  (Marxist)	39171	Communist Party of India  (Marxist)
Chalakudy	Benny Behanan	Indian National Congress	Innocent	Communist Party of India  (Marxist)	132274	Independent
Ernakulam	Hibi Eden	Indian National Congress	P Rajeev	Communist Party of India  (Marxist)	169153	Indian National Congress
Idukki	Adv. Dean Kuriakose	Indian National Congress	Adv, Joice George	Independent	171053	Independent
Kannur	K. Sudhakaran	Indian National Congress	P. K. Sreemathi Teacher	Communist Party of India  (Marxist)	95403	Communist Party of India  (Marxist)
Kasaragod	Rajmohan Unnithan	Indian National Congress	K. P. Sathishchandran	Communist Party of India  (Marxist)	40438	Communist Party of India  (Marxist)
Kollam	N.k.premachandran	Revolutionary Socialist Party	K.n.balagopal	Communist Party of India  (Marxist)	149772	Revolutionary Socialist Party
Kottayam	Thomas Chazhikadan	Kerala Congress  (M)	V.n. Vasavan	Communist Party of India  (Marxist)	106259	Kerala Congress  (M)
Kozhikode	M.k.raghavan	Indian National Congress	A.pradeep Kumar	Communist Party of India  (Marxist)	85760	Indian National Congress
Malappuram	P.k. Kunhalikutty	Indian Union Muslim League	V.p. Sanu	Communist Party of India  (Marxist)	260050	Indian Union Muslim League
Mavelikkara	Kodikunnil Suresh	Indian National Congress	Chittayam Gopakumar	Communist Party of India	61500	Indian National Congress
Palakkad	V K Sreekandan	Indian National Congress	M B Rajesh	Communist Party of India  (Marxist)	11637	Communist Party of India  (Marxist)
Pathanamthitta	Anto Antony	Indian National Congress	Veena George	Communist Party of India  (Marxist)	44613	Indian National Congress
Ponnani	E. T. Mohammed Basheer	Indian Union Muslim League	P.v. Anvar Puthan Veetil	Independent	193230	Indian Union Muslim League
Thiruvananthapuram	Dr. Shashi Tharoor	Indian National Congress	Kummanam Rajasekharan	Bharatiya Janata Party	100210	Indian National Congress
Thrissur	T. N. Prathapan	Indian National Congress	Rajaji Mathew Thomas	Communist Party of India	93633	Communist Party of India
Vadakara	K. Muraleedharan	Indian National Congress	P.jayarajan	Communist Party of India  (Marxist)	85364	Indian National Congress
Wayanad	Rahul Gandhi	Indian National Congress	P.p. Suneer	Communist Party of India	431195	Indian National Congress
Lakshadweep	Mohammed Faizal Pp	Nationalist Congress Party	Hamdullah Sayeed	Indian National Congress	823	Nationalist Congress Party
Balaghat	Dr Dhal Singh Bisen	Bharatiya Janata Party	Madhu Bhagat	Indian National Congress	236940	Bharatiya Janata Party
Betul	Durga Das (d.d.) Uikey	Bharatiya Janata Party	Ramu Tekam (advocate)	Indian National Congress	359435	Bharatiya Janata Party
Bhind	Sandhya Ray	Bharatiya Janata Party	Devashish	Indian National Congress	123010	Bharatiya Janata Party
Bhopal	Sadhvi Pragya Singh Thakur	Bharatiya Janata Party	Digvijaya Singh	Indian National Congress	337112	Bharatiya Janata Party
Chhindwara	Nakul Kamal Nath	Indian National Congress	Nathansaha Kawreti	Bharatiya Janata Party	37536	Indian National Congress
Damoh	Prahalad Singh Patel	Bharatiya Janata Party	Pratap Singh	Indian National Congress	352728	Bharatiya Janata Party
Dewas	Mahendra Singh Solanky	Bharatiya Janata Party	Prahlad Singh Tipanya	Indian National Congress	370951	Bharatiya Janata Party
Dhar	Chattarsingh Darbar	Bharatiya Janata Party	Girwal Dinesh	Indian National Congress	156029	Bharatiya Janata Party
Guna	Krishna Pal Singh "dr. K. P. Yadav"	Bharatiya Janata Party	Jyotiraditya M. Scindia	Indian National Congress	124579	Indian National Congress
Gwalior	Vivek Narayan Shejwalkar	Bharatiya Janata Party	Ashok Singh	Indian National Congress	141172	Bharatiya Janata Party
Hoshangabad	Uday Pratap Singh	Bharatiya Janata Party	Shailendra Diwan Chandarbhan Singh	Indian National Congress	553682	Bharatiya Janata Party
Indore	Shankar Lalwani	Bharatiya Janata Party	Pankaj Sanghvi	Indian National Congress	547754	Bharatiya Janata Party
Jabalpur	Rakesh Singh	Bharatiya Janata Party	Pt. Vivek Krishna Tankha	Indian National Congress	454190	Bharatiya Janata Party
Khajuraho	V.d. Sharma (vishnu Datt Sharma)	Bharatiya Janata Party	Maharani Kavita Singh Natiraja	Indian National Congress	491884	Bharatiya Janata Party
Khandwa	Nandkumar Singh Chouhan (nandu Bhaiya)	Bharatiya Janata Party	Arun Subhash Chandra Yadav	Indian National Congress	273208	Bharatiya Janata Party
Khargone	Gajendra Umrao Singh Patel	Bharatiya Janata Party	Dr. Govind Subhan Mujalda	Indian National Congress	202510	Bharatiya Janata Party
Mandla	Faggan Singh Kulaste	Bharatiya Janata Party	Kamal Singh Maravi	Indian National Congress	96993	Bharatiya Janata Party
Mandsour	Sudheer Gupta	Bharatiya Janata Party	Meenakshi Natarajan	Indian National Congress	366260	Bharatiya Janata Party
Morena	Narendra Singh Tomar	Bharatiya Janata Party	Ramniwas Rawat	Indian National Congress	99580	Bharatiya Janata Party
Rajgarh	Rodmal Nagar	Bharatiya Janata Party	Mona Sustani	Indian National Congress	431019	Bharatiya Janata Party
Ratlam	Guman Singh Damor	Bharatiya Janata Party	Kantilal Bhuria	Indian National Congress	95900	Bharatiya Janata Party
Rewa	Janardan Mishra	Bharatiya Janata Party	Siddharth Tiwari "raj"	Indian National Congress	275214	Bharatiya Janata Party
Sagar	Rajbahadur Singh	Bharatiya Janata Party	Prabhu Singh Thakur	Indian National Congress	305003	Bharatiya Janata Party
Satna	Ganesh Singh	Bharatiya Janata Party	Rajaram Tripathi	Indian National Congress	226532	Bharatiya Janata Party
Shahdol	Himadri Singh	Bharatiya Janata Party	Pramila Singh	Indian National Congress	403145	Bharatiya Janata Party
Sidhi	Riti Pathak	Bharatiya Janata Party	Ajay Arjun Singh	Indian National Congress	272258	Bharatiya Janata Party
Tikamgarh	Dr Virendra Kumar	Bharatiya Janata Party	Ahirwar Kiran	Indian National Congress	347191	Bharatiya Janata Party
Ujjain	Anil Firojiya	Bharatiya Janata Party	Babulal Malviya	Indian National Congress	365637	Bharatiya Janata Party
Vidisha	Ramakant Bhargava	Bharatiya Janata Party	Shailendra Rameshchandra Patel	Indian National Congress	503084	Bharatiya Janata Party
Ahmadnagar	Dr. Sujay Radhakrishna Vikhepatil	Bharatiya Janata Party	Sangram Arunkaka Jagtap	Nationalist Congress Party	273442	Bharatiya Janata Party
Akola	Dhotre Sanjay Shamrao	Bharatiya Janata Party	Ambedkar (adv) Prakash Yashwant	Vanchit Bahujan Aaghadi	269777	Bharatiya Janata Party
Amravati	Navnit Ravi Rana	Independent	Adsul Anandrao Vithoba	Shivsena	37266	Shivsena
Aurangabad	Imtiaz Jaleel Syed	All India Majlis-E-Ittehadul Muslimeen	Chandrakant Khaire	Shivsena	7608	Shivsena
Baramati	Supriya Sule	Nationalist Congress Party	Kanchan Rahul Kool	Bharatiya Janata Party	154994	Nationalist Congress Party
Beed	Pritam Gopinathrao Munde	Bharatiya Janata Party	Bajrang Manohar Sonwane	Nationalist Congress Party	165780	Bharatiya Janata Party
Bhandara - Gondiya	Sunil Baburao Mendhe	Bharatiya Janata Party	Panchabudhe Nana Jairam	Nationalist Congress Party	176231	Bharatiya Janata Party
Bhiwandi	Kapil Moreshwar Patil	Bharatiya Janata Party	Taware Suresh Kashinath	Indian National Congress	144772	Bharatiya Janata Party
Buldhana	Jadhav Prataprao Ganpatrao	Shivsena	Dr. Rajendra Bhaskarrav Shingne	Nationalist Congress Party	117665	Shivsena
Chandrapur	Balubhau Alias Suresh Narayan Dhanorkar	Indian National Congress	Ahir Hansraj Gangaram	Bharatiya Janata Party	32653	Bharatiya Janata Party
Dhule	Bhamre Subhash Ramrao	Bharatiya Janata Party	Kunalbaba Rohidas Patil	Indian National Congress	227632	Bharatiya Janata Party
Dindori	Dr. Bharati Pravin Pawar	Bharatiya Janata Party	Dhanraj Haribhau Mahale	Nationalist Congress Party	193291	Bharatiya Janata Party
Gadchiroli-chimur	Ashok Mahadeorao Nete	Bharatiya Janata Party	Dr. Namdeo Dalluji Usendi	Indian National Congress	75034	Bharatiya Janata Party
Hatkanangle	Dhairyasheel Sambhajirao Mane	Shivsena	Raju Anna Shetti	Swabhimani Paksha	99919	Swabhimani Paksha
Hingoli	Hemant Patil	Shivsena	Wankhede Subhashrao Bapurao	Indian National Congress	219118	Indian National Congress
Jalgaon	Unmesh Bhaiyyasaheb Patil	Bharatiya Janata Party	Gulabrao Baburao Deokar	Nationalist Congress Party	408973	Bharatiya Janata Party
Jalna	Danve Raosaheb Dadarao	Bharatiya Janata Party	Autade Vilas Keshavrao	Indian National Congress	319720	Bharatiya Janata Party
Kalyan	Dr. Shrikant Eknath Shinde	Shivsena	Babaji Balaram Patil	Nationalist Congress Party	330987	Shivsena
Kolhapur	Sanjay Sadashivrao Mandlik	Shivsena	Dhananjay Mahadik	Nationalist Congress Party	265378	Nationalist Congress Party
Latur	Sudhakar Tukaram Shrangare	Bharatiya Janata Party	Kamant Machhindra Gunwantrao	Indian National Congress	271920	Bharatiya Janata Party
Madha	Ranjeetsinha Hindurao Naik- Nimbalkar	Bharatiya Janata Party	Sanjaymama Vitthalrao Shinde	Nationalist Congress Party	75804	Nationalist Congress Party
Maval	Shrirang Appa Chandu Barne	Shivsena	Parth Ajit Pawar	Nationalist Congress Party	215575	Shivsena
Mumbai   South	Arvind Ganpat Sawant	Shivsena	Deora Milind Murli	Indian National Congress	100680	Shivsena
Mumbai North	Gopal Shetty	Bharatiya Janata Party	Urmila Matondkar	Indian National Congress	453194	Bharatiya Janata Party
Mumbai North Central	Poonam Mahajan	Bharatiya Janata Party	Dutt Priya Sunil	Indian National Congress	127908	Bharatiya Janata Party
Mumbai North East	Manoj Kotak	Bharatiya Janata Party	Patil Sanjay Dina	Nationalist Congress Party	226486	Bharatiya Janata Party
Mumbai North West	Gajanan Kirtikar	Shivsena	Sanjay Nirupam	Indian National Congress	239903	Shivsena
Mumbai South Central	Rahul Ramesh Shewale	Shivsena	Eknath M. Gaikwad	Indian National Congress	152139	Shivsena
Nagpur	Nitin Jairam Gadkari	Bharatiya Janata Party	Nana Patole	Indian National Congress	156903	Bharatiya Janata Party
Nanded	Prataprao Patil Chikhalikar	Bharatiya Janata Party	Ashok Shankarrao Chavan	Indian National Congress	42826	Indian National Congress
Nandurbar	Dr. Heena Vijaykumar Gavit	Bharatiya Janata Party	Adv. K. C. Padavi	Indian National Congress	95629	Bharatiya Janata Party
Nashik	Godse Hemant Tukaram	Shivsena	Sameer Magan Bhujbal	Nationalist Congress Party	235365	Shivsena
Osmanabad	Omprakash Bhupalsinh Alias Pawan Rajenimbalkar	Shivsena	Ranajagjitsinha Padmasinha Patil	Nationalist Congress Party	126958	Shivsena
Palghar	Rajendra Dhedya Gavit	Shivsena	Baliram Sukur Jadhav	Bahujan Vikas Aaghadi	88883	Bharatiya Janata Party
Parbhani	Jadhav Sanjay (bandu) Haribhau	Shivsena	Rajesh Uttamrao Vitekar	Nationalist Congress Party	40758	Shivsena
Pune	Girish Bhalchandra Bapat	Bharatiya Janata Party	Mohan Joshi	Indian National Congress	232729	Bharatiya Janata Party
Raigad	Tatkare Sunil Dattatray	Nationalist Congress Party	Anant Geete	Shivsena	31765	Shivsena
Ramtek	Krupal Balaji Tumane	Shivsena	Kishore Uttamrao Gajbhiye	Indian National Congress	67257	Shivsena
Ratnagiri - Sindhudurg	Vinayak Raut	Shivsena	Nilesh Narayan Rane	Maharashtra Swabhimaan Paksh,	177387	Shivsena
Raver	Khadse Raksha Nikhil	Bharatiya Janata Party	Dr.ulhas Vasudeo Patil	Indian National Congress	335882	Bharatiya Janata Party
Sangli	Sanjaykaka Patil	Bharatiya Janata Party	Vishal Prakashbapu Patil	Swabhimani Paksha	158340	Bharatiya Janata Party
Satara	Shrimant Chh. Udayanraje Pratapsinhmaharaj Bhonsle	Nationalist Congress Party	Narendra Annasaheb Patil	Shivsena	122923	Nationalist Congress Party
Shirdi	Sadashiv Kisan Lokhande	Shivsena	Kamble Bhausaheb Malhari	Indian National Congress	119336	Shivsena
Shirur	Dr. Amol Ramsing Kolhe	Nationalist Congress Party	Adhalrao Shivaji Dattatrey	Shivsena	58783	Shivsena
Solapur	Shri. Sha. Bra. Dr. Jai Sidheshwar Shivachary Mahaswamiji	Bharatiya Janata Party	Shinde Sushilkumar Sambhajirao	Indian National Congress	150715	Bharatiya Janata Party
Thane	Rajan Baburao Vichare	Shivsena	Anand Prakash Paranjpe	Nationalist Congress Party	348875	Shivsena
Wardha	Ramdas Chandrabhanji Tadas	Bharatiya Janata Party	Charulata Rao Tokas	Indian National Congress	146949	Bharatiya Janata Party
Yavatmal-washim	Bhavana Pundlikrao Gawali	Shivsena	Thakre Manikrao Govindrao	Indian National Congress	95605	Shivsena
Inner Manipur	Dr Rajkumar Ranjan Singh	Bharatiya Janata Party	Oinam Nabakishore Singh	Indian National Congress	23552	Indian National Congress
Outer Manipur	Lorho S. Pfoze	Naga Peoples Front	Houlim Shokhopao Mate	Bharatiya Janata Party	88879	Indian National Congress
Shillong	Vincent H. Pala	Indian National Congress	Jemino Mawthoh	United Democratic Party	152433	Indian National Congress
Tura	Agatha K. Sangma	National People's Party	Dr. Mukul Sangma	Indian National Congress	63772	National Peoples Party
Mizoram	C Lalrosanga	Mizo National Front	Lalnghinglova Hmar	Independent	8307	Indian National Congress
Nagaland	Tokheho Yepthomi	Nationalist Democratic Progressive Party	K L Chishi	Indian National Congress	166	Naga Peoples Front
Chandni Chowk	Harsh Vardhan	Bharatiya Janata Party	Jai Prakash Agarwal	Indian National Congress	179558	Bharatiya Janata Party
East Delhi	Gautam Gambhir	Bharatiya Janata Party	Arvinder Singh Lovely	Indian National Congress	388643	Bharatiya Janata Party
New Delhi	Meenakashi Lekhi	Bharatiya Janata Party	Ajay Makan	Indian National Congress	253208	Bharatiya Janata Party
North East Delhi	Manoj Tiwari	Bharatiya Janata Party	Sheila Dikshit	Indian National Congress	359906	Bharatiya Janata Party
North West Delhi	Hans Raj Hans	Bharatiya Janata Party	Gugan Singh	Aam Aadmi Party	553075	Bharatiya Janata Party
South Delhi	Ramesh Bidhuri	Bharatiya Janata Party	Raghav Chadha	Aam Aadmi Party	355000	Bharatiya Janata Party
West Delhi	Parvesh Sahib Singh Verma	Bharatiya Janata Party	Mahabal Mishra	Indian National Congress	560865	Bharatiya Janata Party
Aska	Pramila Bisoyi	Biju Janata Dal	Anita Subhadarshini	Bharatiya Janata Party	156942	Biju Janata Dal
Balasore	Pratap Chandra Sarangi	Bharatiya Janata Party	Rabindra Kumar Jena	Biju Janata Dal	6272	Biju Janata Dal
Bargarh	Suresh Pujari	Bharatiya Janata Party	Prasanna Acharya	Biju Janata Dal	39748	Biju Janata Dal
Berhampur	Chandra Sekhar Sahu	Biju Janata Dal	Bhrugu Baxipatra	Bharatiya Janata Party	74311	Biju Janata Dal
Bhadrak	Manjulata Mandal	Biju Janata Dal	Avimanyu Sethi	Bharatiya Janata Party	17070	Biju Janata Dal
Bhubaneswar	Aparajita Sarangi	Bharatiya Janata Party	Arup Mohan Patnaik	Biju Janata Dal	15276	Biju Janata Dal
Bolangir	Sangeeta Kumari Singh Deo	Bharatiya Janata Party	Kalikesh Narayan Singh Deo	Biju Janata Dal	8820	Biju Janata Dal
Cuttack	Bhartruhari Mahtab	Biju Janata Dal	Prakash Mishra	Bharatiya Janata Party	42311	Biju Janata Dal
Dhenkanal	Mahesh Sahoo	Biju Janata Dal	Rudra Narayan Pany	Bharatiya Janata Party	21271	Biju Janata Dal
Jagatsinghpur	Rajashree Mallick	Biju Janata Dal	Bibhu Prasad Tarai	Bharatiya Janata Party	125270	Biju Janata Dal
Jajpur	Sarmistha Sethi	Biju Janata Dal	Amiya Kanta Mallick	Bharatiya Janata Party	91611	Biju Janata Dal
Kalahandi	Basanta Kumar Panda	Bharatiya Janata Party	Puspendra Singh Deo	Biju Janata Dal	24303	Biju Janata Dal
Kandhamal	Achyutananda Samanta	Biju Janata Dal	Mahameghabahan Aira Kharabela Swain	Bharatiya Janata Party	81244	Biju Janata Dal
Kendrapara	Anubhav Mohanty	Biju Janata Dal	Baijayant Panda	Bharatiya Janata Party	72990	Biju Janata Dal
Keonjhar	Chandrani Murmu	Biju Janata Dal	Ananta Nayak	Bharatiya Janata Party	51442	Biju Janata Dal
Koraput	Kausalya Hikaka	Biju Janata Dal	Saptagiri Sankar Ulaka	Indian National Congress	19263	Biju Janata Dal
Mayurbhanj	Bishweswar Tudu	Bharatiya Janata Party	Dr Debashis Marndi	Biju Janata Dal	3644	Biju Janata Dal
Nabarangpur	Ramesh Chandra Majhi	Biju Janata Dal	Pradeep Kumar Majhi	Indian National Congress	45343	Biju Janata Dal
Puri	Dr Sambit Patra	Bharatiya Janata Party	Pinaki Misra	Biju Janata Dal	6589	Biju Janata Dal
Sambalpur	Nitesh Ganga Deb	Bharatiya Janata Party	Nalini Kanta Pradhan	Biju Janata Dal	19191	Biju Janata Dal
Sundargarh	Jual Oram	Bharatiya Janata Party	George Tirkey	Indian National Congress	136331	Bharatiya Janata Party
Puducherry	Ve. Vaithilingam	Indian National Congress	Dr. Narayanasamy Kesavan	All India N.R. Congress	153269	All India N.R. Congress
Amritsar	Gurjeet Singh Aujla	Indian National Congress	Hardeep Singh Puri	Bharatiya Janata Party	100003	Indian National Congress
Anandpur Sahib	Manish Tewari	Indian National Congress	Professor Prem Singh Chandumajra	Shiromani Akali Dal	46884	Shiromani Akali Dal
Bathinda	Harsimrat Kaur Badal	Shiromani Akali Dal	Amrinder Singh Raja Warring	Indian National Congress	21399	Shiromani Akali Dal
Faridkot	Mohammad Sadique	Indian National Congress	Gulzar Singh Ranike	Shiromani Akali Dal	83262	Aam Aadmi Party
Fatehgarh Sahib	Amar Singh	Indian National Congress	Darbara Singh Guru	Shiromani Akali Dal	93621	Aam Aadmi Party
Firozpur	Sukhbir Singh Badal	Shiromani Akali Dal	Sher Singh Ghubaya	Indian National Congress	198850	Shiromani Akali Dal
Gurdaspur	Sunny Deol	Bharatiya Janata Party	Sunil Jakhar	Indian National Congress	77107	Bharatiya Janata Party
Hoshiarpur	Som Parkash	Bharatiya Janata Party	Dr. Raj Kumar Chabbewal	Indian National Congress	46993	Bharatiya Janata Party
Jalandhar	Santokh Singh Chaudhary	Indian National Congress	Charanjit Singh Atwal	Shiromani Akali Dal	19491	Indian National Congress
Khadoor Sahib	Jasbir Singh Gill (dimpa)	Indian National Congress	Bibi Jagir Kaur	Shiromani Akali Dal	140300	Shiromani Akali Dal
Ludhiana	Ravneet Singh Bittu	Indian National Congress	Simarjeet Singh Bains	Lok Insaaf Party	76372	Indian National Congress
Patiala	Preneet Kaur	Indian National Congress	Surjit Singh Rakhra	Shiromani Akali Dal	162718	Aam Aadmi Party
Sangrur	Bhagwant Mann	Aam Aadmi Party	Kewal Singh Dhillon	Indian National Congress	109642	Aam Aadmi Party
Ajmer	Bhagirath Chaudhary	Bharatiya Janata Party	Riju Jhunjhunwala	Indian National Congress	416424	Bharatiya Janata Party
Alwar	Balak Nath	Bharatiya Janata Party	Bhanwar Jitendra Singh	Indian National Congress	323786	Bharatiya Janata Party
Banswara	Kanakmal Katara	Bharatiya Janata Party	Tarachand Bhagora	Indian National Congress	305464	Bharatiya Janata Party
Barmer	Kailash Choudhary	Bharatiya Janata Party	Manvendra Singh	Indian National Congress	323808	Bharatiya Janata Party
Bharatpur	Ranjeeta Koli	Bharatiya Janata Party	Abhijeet Kumar Jatav	Indian National Congress	318399	Bharatiya Janata Party
Bhilwara	Subhash Chandra Baheria	Bharatiya Janata Party	Ram Pal Sharma	Indian National Congress	612000	Bharatiya Janata Party
Bikaner	Arjun Ram Meghwal	Bharatiya Janata Party	Madan Gopal Meghwal	Indian National Congress	264081	Bharatiya Janata Party
Chittorgarh	Chandra Prakash Joshi	Bharatiya Janata Party	Gopal Singh Shekhawat	Indian National Congress	576247	Bharatiya Janata Party
Churu	Rahul Kaswan	Bharatiya Janata Party	Rafique Mandelia	Indian National Congress	329456	Bharatiya Janata Party
Dausa	Jaskaur Meena	Bharatiya Janata Party	Savita Meena	Indian National Congress	78023	Bharatiya Janata Party
Ganganagar	Nihal Chand	Bharatiya Janata Party	Bharat Ram Meghwal	Indian National Congress	406978	Bharatiya Janata Party
Jaipur	Ramcharan Bohra	Bharatiya Janata Party	Jyoti Khandelwal	Indian National Congress	424102	Bharatiya Janata Party
Jaipur Rural	Col. Rajyavardhan Rathore	Bharatiya Janata Party	Krishna Poonia	Indian National Congress	389403	Bharatiya Janata Party
Jalore	Devaji Patel	Bharatiya Janata Party	Ratan Devasi	Indian National Congress	261110	Bharatiya Janata Party
Jhalawar-baran	Dushyant Singh	Bharatiya Janata Party	Pramod Sharma	Indian National Congress	453928	Bharatiya Janata Party
Jhunjhunu	Narendra Kumar	Bharatiya Janata Party	Sharwan Kumar S/o Gokal Ram	Indian National Congress	291021	Bharatiya Janata Party
Jodhpur	Gajendra Singh Shekhawat	Bharatiya Janata Party	Vaibhav Gehlot	Indian National Congress	274440	Bharatiya Janata Party
Karauli-dholpur	Manoj Rajoria	Bharatiya Janata Party	Sanjay Kumar	Indian National Congress	95954	Bharatiya Janata Party
Kota	Om Birla	Bharatiya Janata Party	Ramnarain Meena	Indian National Congress	278512	Bharatiya Janata Party
Nagaur	Hanuman Beniwal	Rashtriya Loktantrik Party	Dr. Jyoti Mirdha	Indian National Congress	178825	Bharatiya Janata Party
Pali	P. P. Chaudhary	Bharatiya Janata Party	Badriram Jakhar	Indian National Congress	477378	Bharatiya Janata Party
Rajsamand	Diya Kumari	Bharatiya Janata Party	Devkinandan (kaka)	Indian National Congress	548942	Bharatiya Janata Party
Sikar	Sumedhanand Saraswati	Bharatiya Janata Party	Subhash Maharia	Indian National Congress	290659	Bharatiya Janata Party
Tonk-sawai Madhopur	Sukhbir Singh Jaunapuria	Bharatiya Janata Party	Namonarayan	Indian National Congress	111291	Bharatiya Janata Party
Udaipur	Arjunlal Meena	Bharatiya Janata Party	Raghuvir Singh Meena	Indian National Congress	435734	Bharatiya Janata Party
Sikkim	Indra Hang Subba	Sikkim Krantikari Morcha	Dek Bahadur Katwal	Sikkim Democratic Front	10709	Sikkim Democratic Front
Arakkonam	S. Jagathrakshakan	Dravida Munnetra Kazhagam	A.k. Moorthy	Pattali Makkal Katchi	282073	All India Anna Dravida Munnetra Kazhagam
Arani	Vishnu Prasad M K	Indian National Congress	Elumalai V	All India Anna Dravida Munnetra Kazhagam	228096	All India Anna Dravida Munnetra Kazhagam
Chennai Central	Dayanidhi Maran	Dravida Munnetra Kazhagam	Sam Paul. S.r.	Pattali Makkal Katchi	299345	All India Anna Dravida Munnetra Kazhagam
Chennai North	Dr. Kalanidhi Veeraswamy	Dravida Munnetra Kazhagam	Alagaapuram R. Mohanraj	Desiya Murpokku Dravida Kazhagam	390994	All India Anna Dravida Munnetra Kazhagam
Chennai South	T.sumathy (a) Thamizhachi Thangapandian	Dravida Munnetra Kazhagam	Dr.j.jayavardhan	All India Anna Dravida Munnetra Kazhagam	201463	All India Anna Dravida Munnetra Kazhagam
Chidambaram	Thirumaavalavan Thol	Viduthalai Chiruthaigal Katchi	Chandrasekar P	All India Anna Dravida Munnetra Kazhagam	6295	All India Anna Dravida Munnetra Kazhagam
Coimbatore	Natarajan. P.r	Communist Party of India  (Marxist)	Radhakrishnan. C.p	Bharatiya Janata Party	174243	All India Anna Dravida Munnetra Kazhagam
Cuddalore	T. R. V .s. Ramesh	Dravida Munnetra Kazhagam	Dr. R. Govindasamy	Pattali Makkal Katchi	136717	All India Anna Dravida Munnetra Kazhagam
Dharmapuri	Dnv Senthilkumar. S.	Dravida Munnetra Kazhagam	Anbumani Ramadoss	Pattali Makkal Katchi	55545	Pattali Makkal Katchi
Dindigul	Velusamy, P.	Dravida Munnetra Kazhagam	Jothimuthu, K.	Pattali Makkal Katchi	499613	All India Anna Dravida Munnetra Kazhagam
Erode	Ganeshamurthi A	Dravida Munnetra Kazhagam	Manimaran G	All India Anna Dravida Munnetra Kazhagam	210618	All India Anna Dravida Munnetra Kazhagam
Kallakurichi	Gautham Sigamani Pon	Dravida Munnetra Kazhagam	Sudhish L K	Desiya Murpokku Dravida Kazhagam	391380	All India Anna Dravida Munnetra Kazhagam
Kancheepuram	Selvam.g	Dravida Munnetra Kazhagam	Maragatham K	All India Anna Dravida Munnetra Kazhagam	283107	All India Anna Dravida Munnetra Kazhagam
Kanniyakumari	Vasanthakumar. H	Indian National Congress	Radhakrishnan. P	Bharatiya Janata Party	235724	Bharatiya Janata Party
Karur	Jothimani S	Indian National Congress	Thambidurai M	All India Anna Dravida Munnetra Kazhagam	376876	All India Anna Dravida Munnetra Kazhagam
Krishnagiri	Dr.a.chellakumar	Indian National Congress	K.p.munusamy	All India Anna Dravida Munnetra Kazhagam	152216	All India Anna Dravida Munnetra Kazhagam
Madurai	Venkatesan S	Communist Party of India  (Marxist)	Raj Satyen V.v.r	All India Anna Dravida Munnetra Kazhagam	131611	All India Anna Dravida Munnetra Kazhagam
Mayiladuthurai	Ramalingam. S	Dravida Munnetra Kazhagam	Asaimani. S	All India Anna Dravida Munnetra Kazhagam	203875	All India Anna Dravida Munnetra Kazhagam
Nagapattinam	Selvaraj M	Communist Party of India	Saravanan M	All India Anna Dravida Munnetra Kazhagam	175171	All India Anna Dravida Munnetra Kazhagam
Namakkal	Chinraj A.k.p	Dravida Munnetra Kazhagam	Kaliappan P	All India Anna Dravida Munnetra Kazhagam	262829	All India Anna Dravida Munnetra Kazhagam
Nilgiris	Raja, A.	Dravida Munnetra Kazhagam	Thiyagarajan, M.	All India Anna Dravida Munnetra Kazhagam	205823	All India Anna Dravida Munnetra Kazhagam
Perambalur	Dr.paarivendhar, T. R	Dravida Munnetra Kazhagam	Sivapathy, N.r	All India Anna Dravida Munnetra Kazhagam	391169	All India Anna Dravida Munnetra Kazhagam
Pollachi	Shanmuga Sundaram. K	Dravida Munnetra Kazhagam	Mahendran. C	All India Anna Dravida Munnetra Kazhagam	172195	All India Anna Dravida Munnetra Kazhagam
Ramanathapuram	K. Navaskani	Indian Union Muslim League	Nainar Nagenthran	Bharatiya Janata Party	80115	All India Anna Dravida Munnetra Kazhagam
Salem	Parthiban.s.r	Dravida Munnetra Kazhagam	Saravanan.k.r.s	All India Anna Dravida Munnetra Kazhagam	117936	All India Anna Dravida Munnetra Kazhagam
Sivaganga	Karti P Chidambaram	Indian National Congress	H.raja	Bharatiya Janata Party	263681	All India Anna Dravida Munnetra Kazhagam
Sriperumbudur	Baalu.t.r.	Dravida Munnetra Kazhagam	Vaithilingam A	Pattali Makkal Katchi	224240	All India Anna Dravida Munnetra Kazhagam
Tenkasi	Dhanush.m.kumar	Dravida Munnetra Kazhagam	Dr.krishnasamy.k	All India Anna Dravida Munnetra Kazhagam	116130	All India Anna Dravida Munnetra Kazhagam
Thanjavur	Palanimanickam,s.s.	Dravida Munnetra Kazhagam	Natarajan,n.r .	Tamil Maanila Congress  (Moopanar)	358112	All India Anna Dravida Munnetra Kazhagam
Theni	Raveendranath Kumar, P	All India Anna Dravida Munnetra Kazhagam	Elangovan, E.v.k.s.	Indian National Congress	43263	All India Anna Dravida Munnetra Kazhagam
Thiruvallur	Dr.k.jayakumar	Indian National Congress	Dr.p.venugopal	All India Anna Dravida Munnetra Kazhagam	250469	All India Anna Dravida Munnetra Kazhagam
Thoothukkudi	Kanimozhi Karunanidhi	Dravida Munnetra Kazhagam	Dr. Tamilisai Soundararajan	Bharatiya Janata Party	326085	All India Anna Dravida Munnetra Kazhagam
Tiruchirappalli	Thirunavukkarasar. Su	Indian National Congress	Dr.elangovan. V	Desiya Murpokku Dravida Kazhagam	454288	All India Anna Dravida Munnetra Kazhagam
Tirunelveli	Gnanathiraviam S	Dravida Munnetra Kazhagam	Paul Manoj Pandian	All India Anna Dravida Munnetra Kazhagam	181519	All India Anna Dravida Munnetra Kazhagam
Tiruppur	Subbarayan, K.	Communist Party of India	Anandan, M.s.m.	All India Anna Dravida Munnetra Kazhagam	92876	All India Anna Dravida Munnetra Kazhagam
Tiruvannamalai	Annadurai C N	Dravida Munnetra Kazhagam	Agri Krishnamurthy S S	All India Anna Dravida Munnetra Kazhagam	300467	All India Anna Dravida Munnetra Kazhagam
Viluppuram	Ravikumar D	Dravida Munnetra Kazhagam	Vadivel Ravanan S	Pattali Makkal Katchi	127013	All India Anna Dravida Munnetra Kazhagam
Virudhunagar	Manickam Tagore, B.	Indian National Congress	Alagarsamy, R.	Desiya Murpokku Dravida Kazhagam	149519	All India Anna Dravida Munnetra Kazhagam
Adilabad	Soyam Bapu Rao	Bharatiya Janata Party	Godam Nagesh	Telangana Rashtra Samithi	57585	Telangana Rashtra Samithi
Bhongir	Komati Reddy Venkat Reddy	Indian National Congress	Dr. Boora Narsaiah Goud	Telangana Rashtra Samithi	4796	Telangana Rashtra Samithi
Chelvella	Dr. G. Ranjith Reddy	Telangana Rashtra Samithi	Konda Vishweshwar Reddy	Indian National Congress	8840	Telangana Rashtra Samithi
Hyderabad	Asaduddin Owaisi	All India Majlis-E-Ittehadul Muslimeen	Dr. Bhagavanth Rao	Bharatiya Janata Party	273953	All India Majlis-E-Ittehadul Muslimeen
Karimnagar	Bandi Sanjay Kumar	Bharatiya Janata Party	Boianapalli Vinod Kumar	Telangana Rashtra Samithi	89508	Telangana Rashtra Samithi
Khammam	Nama Nageswr Rao	Telangana Rashtra Samithi	Renuka Chowdhury	Indian National Congress	168062	Yuvajana Sramika Rythu Congress Party
Mahabubabad	Kavitha Malothu	Telangana Rashtra Samithi	Balaram Naik Porika	Indian National Congress	146317	Telangana Rashtra Samithi
Mahbubnagar	Manne Srinivas Reddy	Telangana Rashtra Samithi	Aruna D.k	Bharatiya Janata Party	77829	Telangana Rashtra Samithi
Malkajgiri	Anumula Revanth Reddy	Indian National Congress	Rajashekar Reddy Marri	Telangana Rashtra Samithi	10422	Telugu Desam
Medak	Kotha Prabhakar Reddy	Telangana Rashtra Samithi	Anil Kumar Gali	Indian National Congress	316427	Telangana Rashtra Samithi
Nagarkurnool	Pothuganti Ramulu	Telangana Rashtra Samithi	Dr Mallu Ravi	Indian National Congress	189748	Indian National Congress
Nalgonda	Uttam Kumar Reddy Nalamada	Indian National Congress	Vemireddy Narasimha Reddy	Telangana Rashtra Samithi	25682	Indian National Congress
Nizamabad	Arvind Dharmapuri	Bharatiya Janata Party	Kalvakuntla Kavitha	Telangana Rashtra Samithi	63323	Telangana Rashtra Samithi
Peddapalle	Venkatesh Netha Borlakunta	Telangana Rashtra Samithi	Agam Chandrasekhar	Indian National Congress	95024	Telangana Rashtra Samithi
Secundrabad	G . Kishan Reddy	Bharatiya Janata Party	Talasani Sai Kiran Yadav	Telangana Rashtra Samithi	59725	Bharatiya Janata Party
Warangal	Dayakar Pasunoori	Telangana Rashtra Samithi	Dommati Sambaiah	Indian National Congress	350298	Telangana Rashtra Samithi
Zahirabad	B.b.patil	Telangana Rashtra Samithi	Madan Mohan Rao	Indian National Congress	6164	Telangana Rashtra Samithi
Tripura East	Rebati Tripura	Bharatiya Janata Party	Maharaj Kumari Pragya Debburman	Indian National Congress	188154	Communist Party of India  (Marxist)
Tripura West	Pratima Bhoumik	Bharatiya Janata Party	Subal Bhowmik	Indian National Congress	258488	Communist Party of India  (Marxist)
Agra	Satyapal Singh Baghel	Bharatiya Janata Party	Manoj Kumar Soni	Bahujan Samaj Party	140779	Bharatiya Janata Party
Akbarpur	Devendra Singh 'bhole'	Bharatiya Janata Party	Nisha Sachan	Bahujan Samaj Party	267325	Bharatiya Janata Party
Aligarh	Satish Kumar Gautam	Bharatiya Janata Party	Dr. Ajeet Baliyan	Bahujan Samaj Party	226915	Bharatiya Janata Party
Allahabad	Rita Bahuguna Joshi	Bharatiya Janata Party	Rajendra Singh Patel	Samajwadi Party	182877	Bharatiya Janata Party
Ambedkar Nagar	Ritesh Pandey	Bahujan Samaj Party	Mukut Bihari	Bharatiya Janata Party	95660	Bharatiya Janata Party
Amethi	Smriti Irani	Bharatiya Janata Party	Rahul Gandhi	Indian National Congress	38345	Indian National Congress
Amroha	Kunwar Danish Ali	Bahujan Samaj Party	Kanwar Singh Tanwar	Bharatiya Janata Party	65804	Bharatiya Janata Party
Aonla	Dharmendra Kashyap	Bharatiya Janata Party	Ruchivira	Bahujan Samaj Party	114961	Bharatiya Janata Party
Azamgarh	Akhilesh Yadav	Samajwadi Party	Dinesh Lal Yadav Nirahua	Bharatiya Janata Party	212040	Samajwadi Party
Badaun	Dr. Sanghmitra Maurya	Bharatiya Janata Party	Dharmendra Yadav	Samajwadi Party	28608	Samajwadi Party
Baghpat	Jayant Chaudhary	Rashtriya Lok Dal	Dr. Satyapal Singh	Bharatiya Janata Party	2791	Bharatiya Janata Party
Bahraich	Akshaibar Lal	Bharatiya Janata Party	Shabbir Balmiki	Samajwadi Party	128752	Bharatiya Janata Party
Ballia	Virendra Singh	Bharatiya Janata Party	Sanatan Pandey	Samajwadi Party	13605	Bharatiya Janata Party
Banda	R.k. Singh Patel	Bharatiya Janata Party	Shyama Charan Gupta	Samajwadi Party	58938	Bharatiya Janata Party
Bansgaon	Kamlesh Paswan	Bharatiya Janata Party	Sadal Prasad	Bahujan Samaj Party	152961	Bharatiya Janata Party
Barabanki	Upendra Singh Rawat	Bharatiya Janata Party	Ram Sagar Rawat	Samajwadi Party	109745	Bharatiya Janata Party
Bareilly	Santosh Kumar Gangwar	Bharatiya Janata Party	Bhagwat Saran Gangwar	Samajwadi Party	159358	Bharatiya Janata Party
Basti	Harish Chandra Alias Harish Dwivedi	Bharatiya Janata Party	Ram Prasad Chaudhary	Bahujan Samaj Party	35236	Bharatiya Janata Party
Bhadohi	Ramesh Chand	Bharatiya Janata Party	Rangnath Mishra	Bahujan Samaj Party	29371	Bharatiya Janata Party
Bijnor	Malook Nagar	Bahujan Samaj Party	Raja Bharatendra Singh	Bharatiya Janata Party	65431	Bharatiya Janata Party
Bulandshahr	Bhola Singh	Bharatiya Janata Party	Yogesh Verma	Bahujan Samaj Party	285572	Bharatiya Janata Party
Chandauli	Dr. Mahendra Nath Pandey	Bharatiya Janata Party	Sanjay Singh Chauhan	Samajwadi Party	13828	Bharatiya Janata Party
Deoria	Ramapati Ram Tripathi	Bharatiya Janata Party	Binod Kumar Jaiswal	Bahujan Samaj Party	244286	Bharatiya Janata Party
Dhaurahra	Rekha Verma	Bharatiya Janata Party	Arshad Iliyas Siddiqui	Bahujan Samaj Party	157761	Bharatiya Janata Party
Domariyaganj	Jagdambika Pal	Bharatiya Janata Party	Aftab Alam	Bahujan Samaj Party	105413	Bharatiya Janata Party
Etah	Rajveer Singh (raju Bhaiya)	Bharatiya Janata Party	Ku. Devendra Singh Yadav	Samajwadi Party	123640	Bharatiya Janata Party
Etawah	Dr Ram Shankar Katheria	Bharatiya Janata Party	Kamlesh Kumar	Samajwadi Party	51825	Bharatiya Janata Party
Faizabad	Lallu Singh	Bharatiya Janata Party	Anand Sen	Samajwadi Party	64822	Bharatiya Janata Party
Farrukhabad	Mukesh Rajput	Bharatiya Janata Party	Manoj Agarwal	Bahujan Samaj Party	218187	Bharatiya Janata Party
Fatehpur	Niranjan Jyoti	Bharatiya Janata Party	Sukhdev Prasad Verma	Bahujan Samaj Party	197396	Bharatiya Janata Party
Fatehpur Sikri	Rajkumar Chahar	Bharatiya Janata Party	Raj Babbar	Indian National Congress	371311	Bharatiya Janata Party
Firozabad	Dr. Chandra Sen Jadon	Bharatiya Janata Party	Akshay Yadav	Samajwadi Party	8586	Samajwadi Party
Gautam Buddha Nagar	Dr. Mahesh Sharma	Bharatiya Janata Party	Satveer	Bahujan Samaj Party	278212	Bharatiya Janata Party
Ghaziabad	Vijay Kumar Singh	Bharatiya Janata Party	Suresh Bansal	Samajwadi Party	499368	Bharatiya Janata Party
Ghazipur	Afzal Ansari	Bahujan Samaj Party	Manoj Sinha	Bharatiya Janata Party	95654	Bharatiya Janata Party
Ghosi	Atul Kumar Singh	Bahujan Samaj Party	Harinarayan	Bharatiya Janata Party	119983	Bharatiya Janata Party
Gonda	Kirti Vardhan Singh Alias Raja Bhaiya	Bharatiya Janata Party	Vinod Kumar Alias Pandit Singh	Samajwadi Party	165711	Bharatiya Janata Party
Gorakhpur	Ravindra Shyamnarayan Shukla Alias Ravi Kishan	Bharatiya Janata Party	Rambhual Nishad	Samajwadi Party	301664	Bharatiya Janata Party
Hamirpur	Kunwar Pushpendra Singh Chandel	Bharatiya Janata Party	Dilip Kumar Singh	Bahujan Samaj Party	246871	Bharatiya Janata Party
Hardoi	Jai Prakash	Bharatiya Janata Party	Usha Verma	Samajwadi Party	105877	Bharatiya Janata Party
Hathras	Rajvir Diler	Bharatiya Janata Party	Ramji Lal Suman	Samajwadi Party	257538	Bharatiya Janata Party
Jalaun	Bhanu Pratap Singh Verma	Bharatiya Janata Party	Ajay Singh (pankaj)	Bahujan Samaj Party	157377	Bharatiya Janata Party
Jaunpur	Shyam Singh Yadav	Bahujan Samaj Party	Krishna Pratap Singh K.p.	Bharatiya Janata Party	72832	Bharatiya Janata Party
Jhansi	Anurag Sharma	Bharatiya Janata Party	Shyam Sundar Singh	Samajwadi Party	362806	Bharatiya Janata Party
Kairana	Pradeep Kumar	Bharatiya Janata Party	Tabassum Begum	Samajwadi Party	89469	Bharatiya Janata Party
Kaiserganj	Brijbhusan Sharan Singh	Bharatiya Janata Party	Chandradev Ram Yadav	Bahujan Samaj Party	260766	Bharatiya Janata Party
Kannauj	Subrat Pathak	Bharatiya Janata Party	Dimple Yadav	Samajwadi Party	32016	Samajwadi Party
Kanpur	Satyadev Pachauri	Bharatiya Janata Party	Sriprakash Jaiswal	Indian National Congress	142998	Bharatiya Janata Party
Kaushambi	Vinod Kumar Sonkar	Bharatiya Janata Party	Indrajeet Saroj	Samajwadi Party	39052	Bharatiya Janata Party
Kheri	Ajay Kumar	Bharatiya Janata Party	Dr. Purvi Verma	Samajwadi Party	219056	Bharatiya Janata Party
Kushi Nagar	Vijay Kumar Dubey	Bharatiya Janata Party	N.p. Kushwaha Alias Nathuni Prasad Kushwaha	Samajwadi Party	335846	Bharatiya Janata Party
Lalganj	Sangeeta Azad	Bahujan Samaj Party	Neelam Sonker	Bharatiya Janata Party	144689	Bharatiya Janata Party
Lucknow	Rajnath Singh	Bharatiya Janata Party	Poonam Shatrughan Sinha	Samajwadi Party	345023	Bharatiya Janata Party
Machhlishahr	Tribhuvan Ram (t.ram)	Bahujan Samaj Party	Bholanath (b.p. Saroj)	Bharatiya Janata Party	100	Bharatiya Janata Party
Maharajganj	Pankaj Choudhary	Bharatiya Janata Party	Akhilesh	Samajwadi Party	303123	Bharatiya Janata Party
Mainpuri	Mulayam Singh Yadav	Samajwadi Party	Prem Singh Shakya	Bharatiya Janata Party	89486	Samajwadi Party
Mathura	Hema Malini	Bharatiya Janata Party	Kunwar Narendra Singh	Rashtriya Lok Dal	287892	Bharatiya Janata Party
Meerut	Rajendra Agarwal	Bharatiya Janata Party	Haji Mohammad Yaqoob	Bahujan Samaj Party	4405	Bharatiya Janata Party
Mirzapur	Anupriya Singh Patel	Apna Dal (Soneylal)	Ramcharitra Nishad	Samajwadi Party	231106	Apna Dal
Misrikh	Ashok Kumar Rawat	Bharatiya Janata Party	Dr Neelu Satyarthi	Bahujan Samaj Party	99888	Bharatiya Janata Party
Mohanlalganj	Kaushal Kishore	Bharatiya Janata Party	C. L. Verma	Bahujan Samaj Party	90129	Bharatiya Janata Party
Moradabad	Dr. S.t. Hasan	Samajwadi Party	Kunwar Sarvesh Kumar	Bharatiya Janata Party	96502	Bharatiya Janata Party
Muzaffarnagar	Sanjeev Kumar Balyan	Bharatiya Janata Party	Ajit Singh	Rashtriya Lok Dal	3782	Bharatiya Janata Party
Nagina	Girish Chandra	Bahujan Samaj Party	Dr. Yashwant Singh	Bharatiya Janata Party	166832	Bharatiya Janata Party
Phulpur	Keshari Devi Patel	Bharatiya Janata Party	Pandhari Yadav	Samajwadi Party	170341	Bharatiya Janata Party
Pilibhit	Feroze Varun Gandhi	Bharatiya Janata Party	Hemraj Verma	Samajwadi Party	254386	Bharatiya Janata Party
Pratapgarh	Sangam Lal Gupta	Bharatiya Janata Party	Ashok Tripathi	Bahujan Samaj Party	117589	Apna Dal
Rae Bareli	Sonia Gandhi	Indian National Congress	Dinesh Pratap Singh	Bharatiya Janata Party	167663	Indian National Congress
Rampur	Mohammad Azam Khan	Samajwadi Party	Jayaprada Nahata	Bharatiya Janata Party	109012	Bharatiya Janata Party
Robertsganj	Pakauri Lal Kol	Apna Dal (Soneylal)	Bhai Lal	Samajwadi Party	54336	Bharatiya Janata Party
Saharanpur	Haji Fazlur Rehman	Bahujan Samaj Party	Raghav Lakhanpal	Bharatiya Janata Party	22974	Bharatiya Janata Party
Salempur	Ravinder	Bharatiya Janata Party	R S Kushwaha	Bahujan Samaj Party	111251	Bharatiya Janata Party
Sambhal	Dr. Shafiqur Rehman Barq	Samajwadi Party	Parameshvar Lal Saini	Bharatiya Janata Party	166474	Bharatiya Janata Party
Sant Kabir Nagar	Praveen Kumar Nishad	Bharatiya Janata Party	Bheeshma Shankar	Bahujan Samaj Party	35461	Bharatiya Janata Party
Shahjahanpur	Arun Kumar Sagar	Bharatiya Janata Party	Amar Chandra Jauhar	Bahujan Samaj Party	267893	Bharatiya Janata Party
Shrawasti	Ram Shiromani	Bahujan Samaj Party	Daddan Mishra	Bharatiya Janata Party	7750	Bharatiya Janata Party
Sitapur	Rajesh Verma	Bharatiya Janata Party	Nakul Dubey	Bahujan Samaj Party	105178	Bharatiya Janata Party
Sultanpur	Maneka Sanjai Gandhi	Bharatiya Janata Party	Chandra Bhadra Singh "ssonu"	Bahujan Samaj Party	11972	Bharatiya Janata Party
Unnao	Swami Sakshi Ji Maharaj	Bharatiya Janata Party	Arun Shanker Shukla	Samajwadi Party	400956	Bharatiya Janata Party
Varanasi	Narendra Modi	Bharatiya Janata Party	Shalini Yadav	Samajwadi Party	477672	Bharatiya Janata Party
Almora	Ajay Tamta	Bharatiya Janata Party	Pradeep Tamta	Indian National Congress	220790	Bharatiya Janata Party
Garhwal	Tirath Singh Rawat	Bharatiya Janata Party	Manish Khanduri	Indian National Congress	285003	Bharatiya Janata Party
Hardwar	Ramesh Pokhriyal 'nishank'	Bharatiya Janata Party	Ambrish Kumar	Indian National Congress	254786	Bharatiya Janata Party
Nainital-udhamsingh Nagar	Ajay Bhatt	Bharatiya Janata Party	Harish Rawat	Indian National Congress	335670	Bharatiya Janata Party
Tehri Garhwal	Mala Rajya Laxmi Shah	Bharatiya Janata Party	Pritam Singh	Indian National Congress	292498	Bharatiya Janata Party
Alipurduars	John Barla	Bharatiya Janata Party	Dasrath Tirkey	All India Trinamool Congress	237617	All India Trinamool Congress
Arambagh	Aparupa Poddar (afrin Ali)	All India Trinamool Congress	Tapan Kumar Ray	Bharatiya Janata Party	6632	All India Trinamool Congress
Asansol	Babul Supriyo	Bharatiya Janata Party	Moon Moon Sen	All India Trinamool Congress	197143	Bharatiya Janata Party
Baharampur	Adhir Ranjan Chowdhury	Indian National Congress	Apurba Sarkar (david)	All India Trinamool Congress	69262	Indian National Congress
Balurghat	Sukanta Majumdar	Bharatiya Janata Party	Arpita Ghosh	All India Trinamool Congress	26388	All India Trinamool Congress
Bangaon	Shantanu Thakur	Bharatiya Janata Party	Mamata Thakur	All India Trinamool Congress	103270	All India Trinamool Congress
Bankura	Dr. Subhas Sarkar	Bharatiya Janata Party	Subrata Mukherjee	All India Trinamool Congress	164882	All India Trinamool Congress
Barasat	Dr. Kakoli Ghoshdastidar	All India Trinamool Congress	Mrinal Kanti Debnath	Bharatiya Janata Party	91192	All India Trinamool Congress
Bardhaman Purba	Sunil Kumar Mondal	All India Trinamool Congress	Paresh Chandra Das	Bharatiya Janata Party	89819	All India Trinamool Congress
Barrackpore	Dinesh Trivedi	All India Trinamool Congress	Arjun Singh	Bharatiya Janata Party	314	All India Trinamool Congress
Basirhat	Nusrat Jahan Ruhi	All India Trinamool Congress	Sayantan Basu	Bharatiya Janata Party	311835	All India Trinamool Congress
Birbhum	Satabdi Roy	All India Trinamool Congress	Dudh Kumar Mondal	Bharatiya Janata Party	50255	All India Trinamool Congress
Bishnupur	Khan Saumitra	Bharatiya Janata Party	Shyamal Santra	All India Trinamool Congress	75913	All India Trinamool Congress
Bolpur	Asit Kumar Mal	All India Trinamool Congress	Das Ramprasad	Bharatiya Janata Party	91758	All India Trinamool Congress
Burdwan - Durgapur	S.s Ahluwalia	Bharatiya Janata Party	Dr. Mamtaz Sanghamita	All India Trinamool Congress	2734	All India Trinamool Congress
Cooch Behar	Nisith Pramanik	Bharatiya Janata Party	Adhikary Paresh Chandra	All India Trinamool Congress	57339	All India Trinamool Congress
Darjeeling	Raju Bista	Bharatiya Janata Party	Amar Singh Rai	All India Trinamool Congress	384996	Bharatiya Janata Party
Diamond Harbour	Abhishek Banerjee	All India Trinamool Congress	Nilanjan Roy	Bharatiya Janata Party	315554	All India Trinamool Congress
Dum Dum	Sougata Ray	All India Trinamool Congress	Samik Bhattacharya	Bharatiya Janata Party	53437	All India Trinamool Congress
Ghatal	Adhikari Deepak (dev)	All India Trinamool Congress	Bharati Ghosh	Bharatiya Janata Party	108970	All India Trinamool Congress
Hooghly	Locket Chatterjee	Bharatiya Janata Party	Dr. Ratna De (nag)	All India Trinamool Congress	73362	All India Trinamool Congress
Howrah	Prasun Banerjee	All India Trinamool Congress	Rantidev Sengupta	Bharatiya Janata Party	97417	All India Trinamool Congress
Jadavpur	Mimi Chakraborty	All India Trinamool Congress	Anupam Hazra	Bharatiya Janata Party	293785	All India Trinamool Congress
Jalpaiguri	Dr. Jayanta Kumar Roy	Bharatiya Janata Party	Bijoy Chandra Barman	All India Trinamool Congress	161876	All India Trinamool Congress
Jangipur	Khalilur Rahaman	All India Trinamool Congress	Mafuja Khatun	Bharatiya Janata Party	246371	Indian National Congress
Jhargram	Kunar Hembram	Bharatiya Janata Party	Birbaha Saren	All India Trinamool Congress	8037	All India Trinamool Congress
Joynagar	Pratima Mondal	All India Trinamool Congress	Dr. Ashok Kandary	Bharatiya Janata Party	313273	All India Trinamool Congress
Kanthi	Adhikari Sisir	All India Trinamool Congress	Dr. Debasis Samanta	Bharatiya Janata Party	112661	All India Trinamool Congress
Kolkata Dakshin	Mala Roy	All India Trinamool Congress	Chandra Kumar Bose	Bharatiya Janata Party	155102	All India Trinamool Congress
Kolkata Uttar	Bandyopadhyay Sudip	All India Trinamool Congress	Rahul (biswajit) Sinha	Bharatiya Janata Party	108345	All India Trinamool Congress
Krishnanagar	Mahua Moitra	All India Trinamool Congress	Kalyan Chaubey	Bharatiya Janata Party	68470	All India Trinamool Congress
Maldaha Dakshin	Abu Hasem Khan Chowdhury (dalu)	Indian National Congress	Sreerupa Mitra Chaudhury	Bharatiya Janata Party	2335	Indian National Congress
Maldaha Uttar	Khagen Murmu	Bharatiya Janata Party	Mausam Noor	All India Trinamool Congress	65494	Indian National Congress
Mathurapur	Choudhury Mohan Jatua	All India Trinamool Congress	Shyamaprasad Halder	Bharatiya Janata Party	198375	All India Trinamool Congress
Medinipur	Dilip Ghosh	Bharatiya Janata Party	Manas Ranjan Bhunia	All India Trinamool Congress	87015	All India Trinamool Congress
Murshidabad	Abu Taher Khan	All India Trinamool Congress	Abu Hena, S/o - Late Abdus Sattar	Indian National Congress	225937	Communist Party of India  (Marxist)
Purulia	Jyotirmay Singh Mahato	Bharatiya Janata Party	Dr. Mriganka Mahato	All India Trinamool Congress	195204	All India Trinamool Congress
Raiganj	Debasree Chaudhuri	Bharatiya Janata Party	Agarwal Kanaialal	All India Trinamool Congress	60686	Communist Party of India  (Marxist)
Ranaghat	Jagannath Sarkar	Bharatiya Janata Party	Rupali Biswas	All India Trinamool Congress	223970	All India Trinamool Congress
Srerampur	Kalyan Banerjee	All India Trinamool Congress	Debjit Sarkar	Bharatiya Janata Party	98192	All India Trinamool Congress
Tamluk	Adhikari Dibyendu	All India Trinamool Congress	Sidharthashankar Naskar	Bharatiya Janata Party	189749	All India Trinamool Congress
Uluberia	Sajda Ahmed	All India Trinamool Congress	Joy Banerjee	Bharatiya Janata Party	215601	All India Trinamool Congress
